Entity,Year,Statistical Capacity Indicator (World Bank)
Afghanistan,2004,24.44444444
Afghanistan,2005,31.11111111
Afghanistan,2006,32.22222222
Afghanistan,2007,34.44444444
Afghanistan,2008,45.55555556
Afghanistan,2009,46.66666667
Afghanistan,2010,52.22222222
Afghanistan,2011,51.11111111
Afghanistan,2012,50
Afghanistan,2013,53.33333333
Afghanistan,2014,54.44444444
Afghanistan,2015,51.1111
Afghanistan,2016,51.1111
Afghanistan,2017,51.1111
Albania,2004,76.66666667
Albania,2005,77.77777778
Albania,2006,81.11111111
Albania,2007,80
Albania,2008,76.66666667
Albania,2009,77.77777778
Albania,2010,70
Albania,2011,70
Albania,2012,73.33333333
Albania,2013,68.88888889
Albania,2014,75.55555556
Albania,2015,72.22223333
Albania,2016,82.22223333
Albania,2017,88.8889
Algeria,2004,54.44444444
Algeria,2005,63.33333333
Algeria,2006,63.33333333
Algeria,2007,60
Algeria,2008,58.88888889
Algeria,2009,57.77777778
Algeria,2010,58.88888889
Algeria,2011,62.22222222
Algeria,2012,58.88888889
Algeria,2013,51.11111111
Algeria,2014,52.22222222
Algeria,2015,53.33336667
Algeria,2016,55.55556667
Algeria,2017,61.1111
Angola,2004,41.11111111
Angola,2005,45.55555556
Angola,2006,45.55555556
Angola,2007,42.22222222
Angola,2008,42.22222222
Angola,2009,45.55555556
Angola,2010,45.55555556
Angola,2011,47.77777778
Angola,2012,50
Angola,2013,47.77777778
Angola,2014,48.88888889
Angola,2015,47.77776667
Angola,2016,42.22216667
Angola,2017,45.5555
Antigua and Barbuda,2005,36.66666667
Antigua and Barbuda,2006,36.66666667
Antigua and Barbuda,2007,36.66666667
Antigua and Barbuda,2008,46.66666667
Antigua and Barbuda,2009,44.44444444
Antigua and Barbuda,2010,42.22222222
Antigua and Barbuda,2011,46.66666667
Antigua and Barbuda,2012,51.11111111
Antigua and Barbuda,2013,55.55555556
Antigua and Barbuda,2014,58.88888889
Antigua and Barbuda,2015,57.7778
Antigua and Barbuda,2016,57.7778
Antigua and Barbuda,2017,54.44446667
Argentina,2004,92.22222222
Argentina,2005,88.88888889
Argentina,2006,88.88888889
Argentina,2007,85.55555556
Argentina,2008,86.66666667
Argentina,2009,87.77777778
Argentina,2010,86.66666667
Argentina,2011,85.55555556
Argentina,2012,85.55555556
Argentina,2013,76.66666667
Argentina,2014,83.33333333
Argentina,2015,95.55556667
Argentina,2016,88.8889
Argentina,2017,85.55556667
Armenia,2004,77.77777778
Armenia,2005,84.44444444
Armenia,2006,86.66666667
Armenia,2007,90
Armenia,2008,92.22222222
Armenia,2009,93.33333333
Armenia,2010,92.22222222
Armenia,2011,92.22222222
Armenia,2012,86.66666667
Armenia,2013,88.88888889
Armenia,2014,87.77777778
Armenia,2015,93.33333333
Armenia,2016,92.22223333
Armenia,2017,91.1111
Azerbaijan,2004,76.66666667
Azerbaijan,2005,78.88888889
Azerbaijan,2006,78.88888889
Azerbaijan,2007,78.88888889
Azerbaijan,2008,78.88888889
Azerbaijan,2009,78.88888889
Azerbaijan,2010,78.88888889
Azerbaijan,2011,76.66666667
Azerbaijan,2012,74.44444444
Azerbaijan,2013,74.44444444
Azerbaijan,2014,70
Azerbaijan,2015,67.7778
Azerbaijan,2016,75.55556667
Azerbaijan,2017,82.22223333
Bangladesh,2004,70
Bangladesh,2005,72.22222222
Bangladesh,2006,75.55555556
Bangladesh,2007,75.55555556
Bangladesh,2008,66.66666667
Bangladesh,2009,65.55555556
Bangladesh,2010,68.88888889
Bangladesh,2011,68.88888889
Bangladesh,2012,65.55555556
Bangladesh,2013,65.55555556
Bangladesh,2014,80
Bangladesh,2015,76.6667
Bangladesh,2016,74.44443333
Bangladesh,2017,70.00003333
Belarus,2004,80
Belarus,2005,83.33333333
Belarus,2006,80
Belarus,2007,83.33333333
Belarus,2008,83.33333333
Belarus,2009,84.44444444
Belarus,2010,85.55555556
Belarus,2011,85.55555556
Belarus,2012,86.66666667
Belarus,2013,86.66666667
Belarus,2014,87.77777778
Belarus,2015,87.77776667
Belarus,2016,87.77776667
Belarus,2017,87.77776667
Belize,2005,66.66666667
Belize,2006,65.55555556
Belize,2007,62.22222222
Belize,2008,61.11111111
Belize,2009,62.22222222
Belize,2010,61.11111111
Belize,2011,56.66666667
Belize,2012,58.88888889
Belize,2013,57.77777778
Belize,2014,55.55555556
Belize,2015,54.44446667
Belize,2016,62.22223333
Belize,2017,62.22223333
Benin,2004,53.33333333
Benin,2005,56.66666667
Benin,2006,54.44444444
Benin,2007,57.77777778
Benin,2008,56.66666667
Benin,2009,56.66666667
Benin,2010,55.55555556
Benin,2011,58.88888889
Benin,2012,57.77777778
Benin,2013,66.66666667
Benin,2014,65.55555556
Benin,2015,66.66666667
Benin,2016,73.33336667
Benin,2017,73.33336667
Bhutan,2005,57.77777778
Bhutan,2006,62.22222222
Bhutan,2007,57.77777778
Bhutan,2008,63.33333333
Bhutan,2009,73.33333333
Bhutan,2010,75.55555556
Bhutan,2011,77.77777778
Bhutan,2012,74.44444444
Bhutan,2013,75.55555556
Bhutan,2014,78.88888889
Bhutan,2015,68.8889
Bhutan,2016,68.8889
Bhutan,2017,65.5556
Bolivia,2004,68.88888889
Bolivia,2005,70
Bolivia,2006,67.77777778
Bolivia,2007,67.77777778
Bolivia,2008,66.66666667
Bolivia,2009,70
Bolivia,2010,66.66666667
Bolivia,2011,70
Bolivia,2012,67.77777778
Bolivia,2013,72.22222222
Bolivia,2014,76.66666667
Bolivia,2015,78.8889
Bolivia,2016,68.8889
Bolivia,2017,67.77776667
Bosnia and Herzegovina,2004,50
Bosnia and Herzegovina,2005,52.22222222
Bosnia and Herzegovina,2006,55.55555556
Bosnia and Herzegovina,2007,55.55555556
Bosnia and Herzegovina,2008,56.66666667
Bosnia and Herzegovina,2009,57.77777778
Bosnia and Herzegovina,2010,62.22222222
Bosnia and Herzegovina,2011,67.77777778
Bosnia and Herzegovina,2012,68.88888889
Bosnia and Herzegovina,2013,68.88888889
Bosnia and Herzegovina,2014,72.22222222
Bosnia and Herzegovina,2015,67.7778
Bosnia and Herzegovina,2016,72.22226667
Bosnia and Herzegovina,2017,65.55556667
Botswana,2004,72.22222222
Botswana,2005,72.22222222
Botswana,2006,62.22222222
Botswana,2007,62.22222222
Botswana,2008,64.44444444
Botswana,2009,61.11111111
Botswana,2010,60
Botswana,2011,63.33333333
Botswana,2012,63.33333333
Botswana,2013,54.44444444
Botswana,2014,51.11111111
Botswana,2015,45.55553333
Botswana,2016,42.22216667
Botswana,2017,49.99996667
Brazil,2004,83.33333333
Brazil,2005,86.66666667
Brazil,2006,90
Brazil,2007,91.11111111
Brazil,2008,86.66666667
Brazil,2009,86.66666667
Brazil,2010,83.33333333
Brazil,2011,84.44444444
Brazil,2012,78.88888889
Brazil,2013,75.55555556
Brazil,2014,75.55555556
Brazil,2015,72.22223333
Brazil,2016,76.66666667
Brazil,2017,74.44443333
Bulgaria,2004,86.66666667
Bulgaria,2005,86.66666667
Bulgaria,2006,93.33333333
Bulgaria,2007,93.33333333
Bulgaria,2008,94.44444444
Bulgaria,2009,91.11111111
Bulgaria,2010,91.11111111
Bulgaria,2011,91.11111111
Bulgaria,2012,91.11111111
Bulgaria,2013,85.55555556
Bulgaria,2014,84.44444444
Bulgaria,2015,84.44443333
Bulgaria,2016,84.44443333
Bulgaria,2017,87.77776667
Burkina Faso,2004,67.77777778
Burkina Faso,2005,66.66666667
Burkina Faso,2006,66.66666667
Burkina Faso,2007,64.44444444
Burkina Faso,2008,63.33333333
Burkina Faso,2009,60
Burkina Faso,2010,62.22222222
Burkina Faso,2011,65.55555556
Burkina Faso,2012,71.11111111
Burkina Faso,2013,70
Burkina Faso,2014,71.11111111
Burkina Faso,2015,67.7778
Burkina Faso,2016,74.44446667
Burkina Faso,2017,73.33336667
Burundi,2004,43.33333333
Burundi,2005,45.55555556
Burundi,2006,44.44444444
Burundi,2007,48.88888889
Burundi,2008,48.88888889
Burundi,2009,61.11111111
Burundi,2010,54.44444444
Burundi,2011,54.44444444
Burundi,2012,52.22222222
Burundi,2013,57.77777778
Burundi,2014,54.44444444
Burundi,2015,55.55556667
Burundi,2016,62.22223333
Burundi,2017,63.33336667
Cambodia,2004,64.44444444
Cambodia,2005,67.77777778
Cambodia,2006,71.11111111
Cambodia,2007,72.22222222
Cambodia,2008,72.22222222
Cambodia,2009,74.44444444
Cambodia,2010,73.33333333
Cambodia,2011,73.33333333
Cambodia,2012,67.77777778
Cambodia,2013,70
Cambodia,2014,76.66666667
Cambodia,2015,76.66666667
Cambodia,2016,66.66666667
Cambodia,2017,63.33333333
Cameroon,2004,51.11111111
Cameroon,2005,50
Cameroon,2006,63.33333333
Cameroon,2007,63.33333333
Cameroon,2008,66.66666667
Cameroon,2009,63.33333333
Cameroon,2010,66.66666667
Cameroon,2011,64.44444444
Cameroon,2012,60
Cameroon,2013,56.66666667
Cameroon,2014,56.66666667
Cameroon,2015,55.55556667
Cameroon,2016,68.8889
Cameroon,2017,70.00003333
Cape Verde,2005,68.88888889
Cape Verde,2006,73.33333333
Cape Verde,2007,74.44444444
Cape Verde,2008,73.33333333
Cape Verde,2009,70
Cape Verde,2010,73.33333333
Cape Verde,2011,70
Cape Verde,2012,68.88888889
Cape Verde,2013,65.55555556
Cape Verde,2014,68.88888889
Cape Verde,2015,66.66666667
Cape Verde,2016,68.88886667
Cape Verde,2017,67.77776667
Central African Republic,2004,40
Central African Republic,2005,43.33333333
Central African Republic,2006,43.33333333
Central African Republic,2007,44.44444444
Central African Republic,2008,47.77777778
Central African Republic,2009,52.22222222
Central African Republic,2010,55.55555556
Central African Republic,2011,56.66666667
Central African Republic,2012,57.77777778
Central African Republic,2013,57.77777778
Central African Republic,2014,58.88888889
Central African Republic,2015,52.22226667
Central African Republic,2016,41.11113333
Central African Republic,2017,38.88886667
Chad,2004,60
Chad,2005,61.11111111
Chad,2006,61.11111111
Chad,2007,52.22222222
Chad,2008,51.11111111
Chad,2009,53.33333333
Chad,2010,56.66666667
Chad,2011,54.44444444
Chad,2012,64.44444444
Chad,2013,63.33333333
Chad,2014,63.33333333
Chad,2015,65.5556
Chad,2016,54.4445
Chad,2017,48.8889
Chile,2004,91.11111111
Chile,2005,91.11111111
Chile,2006,91.11111111
Chile,2007,94.44444444
Chile,2008,92.22222222
Chile,2009,92.22222222
Chile,2010,94.44444444
Chile,2011,94.44444444
Chile,2012,94.44444444
Chile,2013,95.55555556
Chile,2014,95.55555556
Chile,2015,95.55556667
Chile,2016,95.55556667
Chile,2017,93.33333333
China,2004,64.44444444
China,2005,64.44444444
China,2006,57.77777778
China,2007,61.11111111
China,2008,61.11111111
China,2009,62.22222222
China,2010,65.55555667
China,2011,68.88888889
China,2012,70
China,2013,70
China,2014,70
China,2015,70
China,2016,80
China,2017,78.8889
Colombia,2004,86.66666667
Colombia,2005,78.88888889
Colombia,2006,75.55555556
Colombia,2007,85.55555556
Colombia,2008,82.22222222
Colombia,2009,85.55555556
Colombia,2010,84.44444444
Colombia,2011,84.44444444
Colombia,2012,84.44444444
Colombia,2013,81.11111111
Colombia,2014,81.11111111
Colombia,2015,84.44443333
Colombia,2016,88.8889
Colombia,2017,88.8889
Comoros,2005,56.66666667
Comoros,2006,55.55555556
Comoros,2007,55.55555556
Comoros,2008,56.66666667
Comoros,2009,53.33333333
Comoros,2010,50
Comoros,2011,50
Comoros,2012,41.11111111
Comoros,2013,43.33333333
Comoros,2014,40
Comoros,2015,42.22216667
Comoros,2016,34.4444
Comoros,2017,29.99996667
Congo,2004,42.22222222
Congo,2005,44.44444444
Congo,2006,51.11111111
Congo,2007,52.22222222
Congo,2008,48.88888889
Congo,2009,54.44444444
Congo,2010,54.44444444
Congo,2011,50
Congo,2012,50
Congo,2013,52.22222222
Congo,2014,47.77777778
Congo,2015,50.00003333
Congo,2016,50.00003333
Congo,2017,48.8889
Costa Rica,2004,82.22222222
Costa Rica,2005,75.55555556
Costa Rica,2006,78.88888889
Costa Rica,2007,77.77777778
Costa Rica,2008,76.66666667
Costa Rica,2009,76.66666667
Costa Rica,2010,76.66666667
Costa Rica,2011,76.66666667
Costa Rica,2012,77.77777778
Costa Rica,2013,77.77777778
Costa Rica,2014,77.77777778
Costa Rica,2015,84.44443333
Costa Rica,2016,84.44443333
Costa Rica,2017,87.77776667
Cote d'Ivoire,2004,80
Cote d'Ivoire,2005,80
Cote d'Ivoire,2006,75.55555556
Cote d'Ivoire,2007,71.11111111
Cote d'Ivoire,2008,63.33333333
Cote d'Ivoire,2009,61.11111111
Cote d'Ivoire,2010,58.88888889
Cote d'Ivoire,2011,67.77777778
Cote d'Ivoire,2012,63.33333333
Cote d'Ivoire,2013,56.66666667
Cote d'Ivoire,2014,46.66666667
Cote d'Ivoire,2015,58.8889
Cote d'Ivoire,2016,67.77776667
Cote d'Ivoire,2017,66.66666667
Croatia,2004,95.55555556
Croatia,2005,95.55555556
Croatia,2006,94.44444444
Croatia,2007,87.77777778
Croatia,2008,90
Croatia,2009,88.88888889
Croatia,2010,84.44444444
Croatia,2011,86.66666667
Croatia,2012,86.66666667
Croatia,2013,87.77777778
Croatia,2014,83.33333333
Croatia,2015,80.00003333
Croatia,2016,81.11113333
Croatia,2017,83.33333333
Democratic Republic of Congo,2004,32.22222222
Democratic Republic of Congo,2005,41.11111111
Democratic Republic of Congo,2006,37.77777778
Democratic Republic of Congo,2007,37.77777778
Democratic Republic of Congo,2008,37.77777778
Democratic Republic of Congo,2009,34.44444444
Democratic Republic of Congo,2010,35.55555556
Democratic Republic of Congo,2011,43.33333333
Democratic Republic of Congo,2012,43.33333333
Democratic Republic of Congo,2013,50
Democratic Republic of Congo,2014,56.66666667
Democratic Republic of Congo,2015,57.77776667
Democratic Republic of Congo,2016,51.11113333
Democratic Republic of Congo,2017,46.6667
Djibouti,2005,50
Djibouti,2006,52.22222222
Djibouti,2007,43.33333333
Djibouti,2008,40
Djibouti,2009,40
Djibouti,2010,44.44444444
Djibouti,2011,44.44444444
Djibouti,2012,46.66666667
Djibouti,2013,46.66666667
Djibouti,2014,45.55555556
Djibouti,2015,46.66666667
Djibouti,2016,53.33336667
Djibouti,2017,54.4445
Dominica,2005,60
Dominica,2006,60
Dominica,2007,53.33333333
Dominica,2008,53.33333333
Dominica,2009,53.33333333
Dominica,2010,46.66666667
Dominica,2011,50
Dominica,2012,53.33333333
Dominica,2013,50
Dominica,2014,55.55555556
Dominica,2015,52.22223333
Dominica,2016,57.77776667
Dominica,2017,57.77776667
Dominican Republic,2004,71.11111111
Dominican Republic,2005,70
Dominican Republic,2006,64.44444444
Dominican Republic,2007,66.66666667
Dominican Republic,2008,67.77777778
Dominican Republic,2009,67.77777778
Dominican Republic,2010,67.77777778
Dominican Republic,2011,67.77777778
Dominican Republic,2012,67.77777778
Dominican Republic,2013,75.55555556
Dominican Republic,2014,78.88888889
Dominican Republic,2015,78.8889
Dominican Republic,2016,83.33333333
Dominican Republic,2017,83.33333333
East Asia & Pacific,2004,70.3030303
East Asia & Pacific,2005,68.98148167
East Asia & Pacific,2006,69.25925944
East Asia & Pacific,2007,69.62962944
East Asia & Pacific,2008,70.0925925
East Asia & Pacific,2009,69.35185222
East Asia & Pacific,2010,69.35185194
East Asia & Pacific,2011,69.16666667
East Asia & Pacific,2012,67.40740722
East Asia & Pacific,2013,68.88888889
East Asia & Pacific,2014,71.38888889
East Asia & Pacific,2015,72.03703889
East Asia & Pacific,2016,73.33333056
East Asia & Pacific,2017,73.70369722
Ecuador,2004,82.22222222
Ecuador,2005,86.66666667
Ecuador,2006,86.66666667
Ecuador,2007,86.66666667
Ecuador,2008,84.44444444
Ecuador,2009,84.44444444
Ecuador,2010,82.22222222
Ecuador,2011,82.22222222
Ecuador,2012,71.11111111
Ecuador,2013,70
Ecuador,2014,70
Ecuador,2015,72.22226667
Ecuador,2016,71.11113333
Ecuador,2017,68.8889
Egypt,2004,77.77777778
Egypt,2005,87.77777778
Egypt,2006,91.11111111
Egypt,2007,87.77777778
Egypt,2008,86.66666667
Egypt,2009,87.77777778
Egypt,2010,85.55555556
Egypt,2011,88.88888889
Egypt,2012,86.66666667
Egypt,2013,90
Egypt,2014,90
Egypt,2015,91.11113333
Egypt,2016,87.77776667
Egypt,2017,83.33333333
El Salvador,2004,74.44444333
El Salvador,2005,74.44444444
El Salvador,2006,74.44444444
El Salvador,2007,74.44444444
El Salvador,2008,77.77777778
El Salvador,2009,84.44444444
El Salvador,2010,91.11111111
El Salvador,2011,87.77777778
El Salvador,2012,91.11111111
El Salvador,2013,91.11111111
El Salvador,2014,91.11111111
El Salvador,2015,91.11113333
El Salvador,2016,92.22223333
El Salvador,2017,92.22223333
Equatorial Guinea,2005,34.44444444
Equatorial Guinea,2006,30
Equatorial Guinea,2007,30
Equatorial Guinea,2008,30
Equatorial Guinea,2009,32.22222222
Equatorial Guinea,2010,32.22222222
Equatorial Guinea,2011,32.22222222
Equatorial Guinea,2012,32.22222222
Equatorial Guinea,2013,31.11111111
Equatorial Guinea,2014,34.44444444
Equatorial Guinea,2015,42.22223333
Equatorial Guinea,2016,45.55556667
Equatorial Guinea,2017,45.55556667
Eritrea,2004,37.77777778
Eritrea,2005,40
Eritrea,2006,42.22222222
Eritrea,2007,37.77777778
Eritrea,2008,37.77777778
Eritrea,2009,32.22222222
Eritrea,2010,32.22222222
Eritrea,2011,32.22222222
Eritrea,2012,32.22222222
Eritrea,2013,31.11111111
Eritrea,2014,31.11111111
Eritrea,2015,27.7778
Eritrea,2016,28.8889
Eritrea,2017,28.88886667
Eswatini,2004,65.55555556
Eswatini,2005,65.55555556
Eswatini,2006,66.66666667
Eswatini,2007,60
Eswatini,2008,61.11111111
Eswatini,2009,64.44444444
Eswatini,2010,67.77777778
Eswatini,2011,64.44444444
Eswatini,2012,65.55555556
Eswatini,2013,60
Eswatini,2014,60
Eswatini,2015,58.8889
Eswatini,2016,55.55556667
Eswatini,2017,58.8889
Ethiopia,2004,66.66666667
Ethiopia,2005,67.77777778
Ethiopia,2006,64.44444444
Ethiopia,2007,67.77777778
Ethiopia,2008,78.88888889
Ethiopia,2009,80
Ethiopia,2010,80
Ethiopia,2011,73.33333333
Ethiopia,2012,65.55555556
Ethiopia,2013,66.66666667
Ethiopia,2014,61.11111111
Ethiopia,2015,68.8889
Ethiopia,2016,70.00003333
Ethiopia,2017,70.00003333
Europe & Central Asia,2004,75.38888894
Europe & Central Asia,2005,78.77766656
Europe & Central Asia,2006,78.83327767
Europe & Central Asia,2007,79.499889
Europe & Central Asia,2008,80.83322217
Europe & Central Asia,2009,80.88877756
Europe & Central Asia,2010,80.66655572
Europe & Central Asia,2011,81.2222225
Europe & Central Asia,2012,81.22222194
Europe & Central Asia,2013,78.57142857
Europe & Central Asia,2014,78.31216931
Europe & Central Asia,2015,77.40741587
Europe & Central Asia,2016,77.93651429
Europe & Central Asia,2017,79.10053492
Fiji,2005,53.33333333
Fiji,2006,54.44444444
Fiji,2007,52.22222222
Fiji,2008,53.33333333
Fiji,2009,56.66666667
Fiji,2010,53.33333333
Fiji,2011,70
Fiji,2012,70
Fiji,2013,71.11111111
Fiji,2014,71.11111111
Fiji,2015,61.11113333
Fiji,2016,58.88886667
Fiji,2017,70
Gabon,2004,44.44444444
Gabon,2005,47.77777778
Gabon,2006,40
Gabon,2007,40
Gabon,2008,36.66666667
Gabon,2009,41.11111111
Gabon,2010,40
Gabon,2011,43.33333333
Gabon,2012,36.66666667
Gabon,2013,42.22222222
Gabon,2014,42.22222222
Gabon,2015,39.99996667
Gabon,2016,36.66663333
Gabon,2017,36.66663333
Gambia,2004,63.33333333
Gambia,2005,61.11111111
Gambia,2006,64.44444444
Gambia,2007,62.22222222
Gambia,2008,62.22222222
Gambia,2009,62.22222222
Gambia,2010,67.77777778
Gambia,2011,64.44444444
Gambia,2012,67.77777778
Gambia,2013,70
Gambia,2014,66.66666667
Gambia,2015,65.55556667
Gambia,2016,64.44443333
Gambia,2017,63.33333333
Georgia,2004,76.66666667
Georgia,2005,85.55555556
Georgia,2006,85.55555556
Georgia,2007,85.55555556
Georgia,2008,88.88888889
Georgia,2009,88.88888889
Georgia,2010,95.55555556
Georgia,2011,95.55555556
Georgia,2012,94.44444444
Georgia,2013,92.22222222
Georgia,2014,82.22222222
Georgia,2015,88.8889
Georgia,2016,88.8889
Georgia,2017,86.6667
Ghana,2004,51.11111111
Ghana,2005,53.33333333
Ghana,2006,55.55555556
Ghana,2007,55.55555556
Ghana,2008,58.88888889
Ghana,2009,58.88888889
Ghana,2010,65.55555556
Ghana,2011,62.22222222
Ghana,2012,58.88888889
Ghana,2013,62.22222222
Ghana,2014,62.22222222
Ghana,2015,65.55556667
Ghana,2016,68.8889
Ghana,2017,68.8889
Grenada,2005,52.22222222
Grenada,2006,56.66666667
Grenada,2007,50
Grenada,2008,46.66666667
Grenada,2009,46.66666667
Grenada,2010,43.33333333
Grenada,2011,44.44444444
Grenada,2012,47.77777778
Grenada,2013,51.11111111
Grenada,2014,44.44444444
Grenada,2015,51.11113333
Grenada,2016,51.11113333
Grenada,2017,53.33333333
Guatemala,2004,80
Guatemala,2005,77.77777778
Guatemala,2006,80
Guatemala,2007,80
Guatemala,2008,83.33333333
Guatemala,2009,85.55555556
Guatemala,2010,85.55555556
Guatemala,2011,85.55555556
Guatemala,2012,82.22222222
Guatemala,2013,76.66666667
Guatemala,2014,68.88888889
Guatemala,2015,72.22223333
Guatemala,2016,71.1111
Guatemala,2017,78.8889
Guinea,2004,66.66666667
Guinea,2005,62.22222222
Guinea,2006,57.77777778
Guinea,2007,61.11111111
Guinea,2008,55.55555556
Guinea,2009,54.44444444
Guinea,2010,57.77777778
Guinea,2011,58.88888889
Guinea,2012,57.77777778
Guinea,2013,52.22222222
Guinea,2014,52.22222222
Guinea,2015,53.33333333
Guinea,2016,55.55556667
Guinea,2017,52.22223333
Guinea-Bissau,2004,37.77777778
Guinea-Bissau,2005,33.33333333
Guinea-Bissau,2006,41.11111111
Guinea-Bissau,2007,34.44444444
Guinea-Bissau,2008,31.11111111
Guinea-Bissau,2009,33.33333333
Guinea-Bissau,2010,45.55555556
Guinea-Bissau,2011,48.88888889
Guinea-Bissau,2012,51.11111111
Guinea-Bissau,2013,50
Guinea-Bissau,2014,43.33333333
Guinea-Bissau,2015,44.44443333
Guinea-Bissau,2016,42.2222
Guinea-Bissau,2017,47.77776667
Guyana,2005,55.55555556
Guyana,2006,52.22222222
Guyana,2007,54.44444444
Guyana,2008,53.33333333
Guyana,2009,55.55555556
Guyana,2010,53.33333333
Guyana,2011,58.88888889
Guyana,2012,55.55555556
Guyana,2013,58.88888889
Guyana,2014,58.88888889
Guyana,2015,56.6667
Guyana,2016,57.7778
Guyana,2017,55.55553333
Haiti,2004,37.77777778
Haiti,2005,38.88888889
Haiti,2006,38.88888889
Haiti,2007,38.88888889
Haiti,2008,41.11111111
Haiti,2009,40
Haiti,2010,42.22222222
Haiti,2011,42.22222222
Haiti,2012,38.88888889
Haiti,2013,41.11111111
Haiti,2014,47.77777778
Haiti,2015,47.7778
Haiti,2016,38.8889
Haiti,2017,36.66666667
Honduras,2004,62.22222222
Honduras,2005,60
Honduras,2006,58.88888889
Honduras,2007,66.66666667
Honduras,2008,70
Honduras,2009,73.33333333
Honduras,2010,75.55555556
Honduras,2011,75.55555556
Honduras,2012,68.88888889
Honduras,2013,62.22222222
Honduras,2014,73.33333333
Honduras,2015,76.6667
Honduras,2016,77.7778
Honduras,2017,71.11113333
IBRD only,2004,72.77777796
IBRD only,2005,74.92059532
IBRD only,2006,74.7222025
IBRD only,2007,75.49599214
IBRD only,2008,75.97218244
IBRD only,2009,76.07138871
IBRD only,2010,76.24003984
IBRD only,2011,76.64682548
IBRD only,2012,75.06822612
IBRD only,2013,74.38596491
IBRD only,2014,74.48538012
IBRD only,2015,74.93178129
IBRD only,2016,75.36062865
IBRD only,2017,74.91228187
IDA & IBRD total,2004,65.39682544
IDA & IBRD total,2005,66.95179942
IDA & IBRD total,2006,67.22712882
IDA & IBRD total,2007,67.83675513
IDA & IBRD total,2008,67.80725655
IDA & IBRD total,2009,68.05307765
IDA & IBRD total,2010,68.7364603
IDA & IBRD total,2011,69.02654864
IDA & IBRD total,2012,68.48574229
IDA & IBRD total,2013,67.8115942
IDA & IBRD total,2014,68.30531401
IDA & IBRD total,2015,69.11112116
IDA & IBRD total,2016,69.1304429
IDA & IBRD total,2017,68.80193652
IDA total,2004,58.01587292
IDA total,2005,59.12280696
IDA total,2006,59.86354766
IDA total,2007,60.3118907
IDA total,2008,59.78557497
IDA total,2009,60.17543871
IDA total,2010,61.36452251
IDA total,2011,61.53996088
IDA total,2012,61.78571411
IDA total,2013,61.35057471
IDA total,2014,62.23180077
IDA total,2015,63.39081724
IDA total,2016,63.00767414
IDA total,2017,62.79694195
India,2004,78.88888889
India,2005,77.77777778
India,2006,80
India,2007,78.88888889
India,2008,80
India,2009,75.55555556
India,2010,81.11111111
India,2011,76.66666667
India,2012,75.55555556
India,2013,73.33333333
India,2014,81.11111111
India,2015,77.7778
India,2016,81.11113333
India,2017,91.11113333
Indonesia,2004,86.66666667
Indonesia,2005,84.44444444
Indonesia,2006,85.55555556
Indonesia,2007,90
Indonesia,2008,90
Indonesia,2009,86.66666667
Indonesia,2010,86.66666667
Indonesia,2011,83.33333333
Indonesia,2012,83.33333333
Indonesia,2013,80
Indonesia,2014,83.33333333
Indonesia,2015,84.44446667
Indonesia,2016,86.66666667
Indonesia,2017,86.66666667
Iran,2004,64.44444444
Iran,2005,72.22222222
Iran,2006,73.33333333
Iran,2007,80
Iran,2008,80
Iran,2009,81.11111111
Iran,2010,71.11111111
Iran,2011,68.88888889
Iran,2012,70
Iran,2013,70
Iran,2014,73.33333333
Iran,2015,73.33333333
Iran,2016,78.8889
Iran,2017,75.55556667
Iraq,2004,32.22222222
Iraq,2005,40
Iraq,2006,40
Iraq,2007,45.55555556
Iraq,2008,51.11111111
Iraq,2009,41.11111111
Iraq,2010,41.11111111
Iraq,2011,46.66666667
Iraq,2012,50
Iraq,2013,50
Iraq,2014,46.66666667
Iraq,2015,52.22223333
Iraq,2016,50
Iraq,2017,52.22223333
Jamaica,2004,76.66666667
Jamaica,2005,77.77777778
Jamaica,2006,76.66666667
Jamaica,2007,76.66666667
Jamaica,2008,71.11111111
Jamaica,2009,71.11111111
Jamaica,2010,74.44444444
Jamaica,2011,81.11111111
Jamaica,2012,78.88888889
Jamaica,2013,78.88888889
Jamaica,2014,78.88888889
Jamaica,2015,77.7778
Jamaica,2016,77.77776667
Jamaica,2017,71.1111
Jordan,2004,68.88888889
Jordan,2005,71.11111111
Jordan,2006,71.11111111
Jordan,2007,71.11111111
Jordan,2008,73.33333333
Jordan,2009,74.44444444
Jordan,2010,76.66666667
Jordan,2011,74.44444444
Jordan,2012,75.55555556
Jordan,2013,74.44444444
Jordan,2014,74.44444444
Jordan,2015,74.44446667
Jordan,2016,71.11113333
Jordan,2017,75.5556
Kazakhstan,2004,86.66666667
Kazakhstan,2005,87.77777778
Kazakhstan,2006,88.88888889
Kazakhstan,2007,95.55555556
Kazakhstan,2008,95.55555556
Kazakhstan,2009,94.44444444
Kazakhstan,2010,95.55555556
Kazakhstan,2011,92.22222222
Kazakhstan,2012,94.44444444
Kazakhstan,2013,94.44444444
Kazakhstan,2014,88.88888889
Kazakhstan,2015,90
Kazakhstan,2016,92.22223333
Kazakhstan,2017,95.55556667
Kenya,2004,64.44444444
Kenya,2005,58.88888889
Kenya,2006,58.88888889
Kenya,2007,62.22222222
Kenya,2008,64.44444444
Kenya,2009,62.22222222
Kenya,2010,62.22222222
Kenya,2011,61.11111111
Kenya,2012,57.77777778
Kenya,2013,52.22222222
Kenya,2014,54.44444444
Kenya,2015,54.44443333
Kenya,2016,55.55553333
Kenya,2017,57.77776667
Kiribati,2005,32.22222222
Kiribati,2006,36.66666667
Kiribati,2007,36.66666667
Kiribati,2008,35.55555556
Kiribati,2009,33.33333333
Kiribati,2010,36.66666667
Kiribati,2011,37.77777778
Kiribati,2012,37.77777778
Kiribati,2013,35.55555556
Kiribati,2014,35.55555556
Kiribati,2015,34.44443333
Kiribati,2016,39.99996667
Kiribati,2017,39.99996667
Kosovo,2013,30
Kosovo,2014,33.33333333
Kosovo,2015,40
Kosovo,2016,43.33333333
Kosovo,2017,43.33333333
Kyrgyzstan,2004,87.77777778
Kyrgyzstan,2005,91.11111111
Kyrgyzstan,2006,90
Kyrgyzstan,2007,91.11111111
Kyrgyzstan,2008,94.44444444
Kyrgyzstan,2009,91.11111111
Kyrgyzstan,2010,88.88888889
Kyrgyzstan,2011,84.44444444
Kyrgyzstan,2012,84.44444444
Kyrgyzstan,2013,84.44444444
Kyrgyzstan,2014,86.66666667
Kyrgyzstan,2015,82.22223333
Kyrgyzstan,2016,85.55556667
Kyrgyzstan,2017,90
Laos,2004,68.88888889
Laos,2005,70
Laos,2006,70
Laos,2007,68.88888889
Laos,2008,67.77777778
Laos,2009,67.77777778
Laos,2010,70
Laos,2011,65.55555556
Laos,2012,70
Laos,2013,72.22222222
Laos,2014,73.33333333
Laos,2015,71.11113333
Laos,2016,64.44446667
Laos,2017,67.7778
Latin America & Caribbean,2004,75.49382741
Latin America & Caribbean,2005,74.75308667
Latin America & Caribbean,2006,73.70370407
Latin America & Caribbean,2007,75.12345685
Latin America & Caribbean,2008,75.06172815
Latin America & Caribbean,2009,76.72839481
Latin America & Caribbean,2010,77.28395074
Latin America & Caribbean,2011,77.09876537
Latin America & Caribbean,2012,75.37037037
Latin America & Caribbean,2013,74.87654321
Latin America & Caribbean,2014,77.09876543
Latin America & Caribbean,2015,78.95062963
Latin America & Caribbean,2016,78.20988519
Latin America & Caribbean,2017,75.80247407
Lebanon,2004,42.22222222
Lebanon,2005,48.88888889
Lebanon,2006,48.88888889
Lebanon,2007,48.88888889
Lebanon,2008,54.44444444
Lebanon,2009,54.44444444
Lebanon,2010,56.66666667
Lebanon,2011,63.33333333
Lebanon,2012,66.66666667
Lebanon,2013,66.66666667
Lebanon,2014,62.22222222
Lebanon,2015,65.55553333
Lebanon,2016,63.33333333
Lebanon,2017,66.66663333
Lesotho,2004,71.11111111
Lesotho,2005,71.11111111
Lesotho,2006,70
Lesotho,2007,61.11111111
Lesotho,2008,61.11111111
Lesotho,2009,62.22222222
Lesotho,2010,65.55555556
Lesotho,2011,65.55555556
Lesotho,2012,72.22222222
Lesotho,2013,73.33333333
Lesotho,2014,72.22222222
Lesotho,2015,65.5556
Lesotho,2016,57.7778
Lesotho,2017,62.22223333
Liberia,2004,16.66666667
Liberia,2005,23.33333333
Liberia,2006,23.33333333
Liberia,2007,22.22222222
Liberia,2008,25.55555556
Liberia,2009,32.22222222
Liberia,2010,33.33333333
Liberia,2011,40
Liberia,2012,43.33333333
Liberia,2013,47.77777778
Liberia,2014,46.66666667
Liberia,2015,51.1111
Liberia,2016,57.77776667
Liberia,2017,60.00003333
Libya,2004,28.88888889
Libya,2005,42.22222222
Libya,2006,38.88888889
Libya,2007,41.11111111
Libya,2008,41.11111111
Libya,2009,38.88888889
Libya,2010,40.55555556
Libya,2011,35.55555556
Libya,2012,36.66666667
Libya,2013,27.77777778
Libya,2014,28.88888889
Libya,2015,22.2222
Libya,2016,22.2222
Libya,2017,22.2222
Madagascar,2004,63.33333333
Madagascar,2005,63.33333333
Madagascar,2006,65.55555556
Madagascar,2007,65.55555556
Madagascar,2008,67.77777778
Madagascar,2009,67.77777778
Madagascar,2010,67.77777778
Madagascar,2011,66.66666667
Madagascar,2012,64.44444444
Madagascar,2013,63.33333333
Madagascar,2014,62.22222222
Madagascar,2015,58.8889
Madagascar,2016,62.22223333
Madagascar,2017,56.66666667
Malawi,2004,67.77777778
Malawi,2005,64.44444444
Malawi,2006,67.77777778
Malawi,2007,75.55555556
Malawi,2008,73.33333333
Malawi,2009,73.33333333
Malawi,2010,78.88888889
Malawi,2011,77.77777778
Malawi,2012,74.44444444
Malawi,2013,78.88888889
Malawi,2014,75.55555556
Malawi,2015,75.55556667
Malawi,2016,74.44446667
Malawi,2017,77.7778
Malaysia,2004,75.55555556
Malaysia,2005,78.88888889
Malaysia,2006,84.44444444
Malaysia,2007,81.11111111
Malaysia,2008,80
Malaysia,2009,84.44444444
Malaysia,2010,80
Malaysia,2011,76.66666667
Malaysia,2012,70
Malaysia,2013,71.11111111
Malaysia,2014,74.44444444
Malaysia,2015,74.44443333
Malaysia,2016,77.77776667
Malaysia,2017,81.1111
Maldives,2005,71.11111111
Maldives,2006,71.11111111
Maldives,2007,64.44444444
Maldives,2008,68.88888889
Maldives,2009,61.11111111
Maldives,2010,65.55555556
Maldives,2011,66.66666667
Maldives,2012,71.11111111
Maldives,2013,68.88888889
Maldives,2014,66.66666667
Maldives,2015,55.55553333
Maldives,2016,50
Maldives,2017,52.2222
Mali,2004,55.55555556
Mali,2005,57.77777778
Mali,2006,68.88888889
Mali,2007,67.77777778
Mali,2008,61.11111111
Mali,2009,63.33333333
Mali,2010,63.33333333
Mali,2011,63.33333333
Mali,2012,66.66666667
Mali,2013,67.77777778
Mali,2014,66.66666667
Mali,2015,65.55556667
Mali,2016,65.55556667
Mali,2017,65.55556667
Marshall Islands,2005,32.22222222
Marshall Islands,2006,32.22222222
Marshall Islands,2007,36.66666667
Marshall Islands,2008,41.11111111
Marshall Islands,2009,41.11111111
Marshall Islands,2010,41.11111111
Marshall Islands,2011,46.66666667
Marshall Islands,2012,53.33333333
Marshall Islands,2013,53.33333333
Marshall Islands,2014,46.66666667
Marshall Islands,2015,37.77776667
Marshall Islands,2016,28.8889
Marshall Islands,2017,32.2222
Mauritania,2004,55.55555556
Mauritania,2005,54.44444444
Mauritania,2006,61.11111111
Mauritania,2007,61.11111111
Mauritania,2008,57.77777778
Mauritania,2009,65.55555556
Mauritania,2010,62.22222222
Mauritania,2011,63.33333333
Mauritania,2012,56.66666667
Mauritania,2013,60
Mauritania,2014,58.88888889
Mauritania,2015,66.6667
Mauritania,2016,58.88893333
Mauritania,2017,56.6667
Mauritius,2004,70
Mauritius,2005,67.77777778
Mauritius,2006,67.77777778
Mauritius,2007,67.77777778
Mauritius,2008,71.11111111
Mauritius,2009,70
Mauritius,2010,70
Mauritius,2011,73.33333333
Mauritius,2012,80
Mauritius,2013,75.55555556
Mauritius,2014,85.55555556
Mauritius,2015,93.33336667
Mauritius,2016,91.11113333
Mauritius,2017,85.55556667
Mexico,2004,74.44444444
Mexico,2005,72.22222222
Mexico,2006,68.88888889
Mexico,2007,70
Mexico,2008,76.66666667
Mexico,2009,80
Mexico,2010,85.55555556
Mexico,2011,88.88888889
Mexico,2012,87.77777778
Mexico,2013,87.77777778
Mexico,2014,85.55555556
Mexico,2015,92.22223333
Mexico,2016,98.8889
Mexico,2017,93.33336667
Micronesia (country),2005,30
Micronesia (country),2006,31.11111111
Micronesia (country),2007,31.11111111
Micronesia (country),2008,34.44444444
Micronesia (country),2009,34.44444444
Micronesia (country),2010,27.77777778
Micronesia (country),2011,27.77777778
Micronesia (country),2012,37.77777778
Micronesia (country),2013,37.77777778
Micronesia (country),2014,36.66666667
Micronesia (country),2015,35.55556667
Micronesia (country),2016,32.22223333
Micronesia (country),2017,32.22223333
Middle East & North Africa,2004,57.77777788
Middle East & North Africa,2005,63.63636364
Middle East & North Africa,2006,64.44444455
Middle East & North Africa,2007,65.05050515
Middle East & North Africa,2008,66.06060576
Middle East & North Africa,2009,62.03703667
Middle East & North Africa,2010,61.25000028
Middle East & North Africa,2011,64.07407417
Middle East & North Africa,2012,63.70370389
Middle East & North Africa,2013,63.42592593
Middle East & North Africa,2014,63.42592593
Middle East & North Africa,2015,64.44445833
Middle East & North Africa,2016,62.12964167
Middle East & North Africa,2017,61.01851944
Moldova,2004,74.44444444
Moldova,2005,83.33333333
Moldova,2006,86.66666667
Moldova,2007,86.66666667
Moldova,2008,86.66666667
Moldova,2009,84.44444444
Moldova,2010,84.44444444
Moldova,2011,84.44444444
Moldova,2012,91.11111111
Moldova,2013,94.44444444
Moldova,2014,94.44444444
Moldova,2015,95.55556667
Moldova,2016,95.55556667
Moldova,2017,92.22223333
Mongolia,2004,72.22222222
Mongolia,2005,78.88888889
Mongolia,2006,78.88888889
Mongolia,2007,80
Mongolia,2008,80
Mongolia,2009,75.55555556
Mongolia,2010,74.44444444
Mongolia,2011,77.77777778
Mongolia,2012,77.77777778
Mongolia,2013,83.33333333
Mongolia,2014,83.33333333
Mongolia,2015,74.44443333
Mongolia,2016,82.2222
Mongolia,2017,78.88886667
Montenegro,2004,53.33333333
Montenegro,2005,52.22333333
Montenegro,2006,53.33333333
Montenegro,2007,57.77777778
Montenegro,2008,60
Montenegro,2009,56.66666667
Montenegro,2010,57.77777778
Montenegro,2011,67.77777778
Montenegro,2012,67.77777778
Montenegro,2013,72.22222222
Montenegro,2014,75.55555556
Montenegro,2015,72.22223333
Montenegro,2016,72.22223333
Montenegro,2017,76.6667
Morocco,2004,80
Morocco,2005,78.88888889
Morocco,2006,82.22222222
Morocco,2007,82.22222222
Morocco,2008,80
Morocco,2009,82.22222222
Morocco,2010,77.77777778
Morocco,2011,75.55555556
Morocco,2012,72.22222222
Morocco,2013,78.88888889
Morocco,2014,78.88888889
Morocco,2015,81.11113333
Morocco,2016,84.44446667
Morocco,2017,76.66663333
Mozambique,2004,67.77777778
Mozambique,2005,70
Mozambique,2006,70
Mozambique,2007,68.88888889
Mozambique,2008,68.88888889
Mozambique,2009,72.22222222
Mozambique,2010,72.22222222
Mozambique,2011,72.22222222
Mozambique,2012,77.77777778
Mozambique,2013,77.77777778
Mozambique,2014,74.44444444
Mozambique,2015,72.22223333
Mozambique,2016,71.1111
Mozambique,2017,68.8889
Myanmar,2004,60
Myanmar,2005,62.22222222
Myanmar,2006,61.11111111
Myanmar,2007,57.77777778
Myanmar,2008,57.77777778
Myanmar,2009,48.88888889
Myanmar,2010,52.22222222
Myanmar,2011,51.11111111
Myanmar,2012,48.88888889
Myanmar,2013,50
Myanmar,2014,46.66666667
Myanmar,2015,55.55553333
Myanmar,2016,55.55553333
Myanmar,2017,64.4444
Namibia,2004,58.88888889
Namibia,2005,58.88888889
Namibia,2006,56.66666667
Namibia,2007,58.88888889
Namibia,2008,56.66666667
Namibia,2009,50
Namibia,2010,52.22222222
Namibia,2011,57.77777778
Namibia,2012,56.66666667
Namibia,2013,54.44444444
Namibia,2014,48.88888889
Namibia,2015,47.7778
Namibia,2016,58.88893333
Namibia,2017,56.66666667
Nauru,2017,16.66666667
Nepal,2004,72.22222222
Nepal,2005,75.55555556
Nepal,2006,80
Nepal,2007,74.44444444
Nepal,2008,67.77777778
Nepal,2009,67.77777778
Nepal,2010,64.44444444
Nepal,2011,63.33333333
Nepal,2012,66.66666667
Nepal,2013,61.11111111
Nepal,2014,65.55555556
Nepal,2015,72.22223333
Nepal,2016,70.00003333
Nepal,2017,73.33333333
Nicaragua,2004,78.88888889
Nicaragua,2005,83.33333333
Nicaragua,2006,76.66666667
Nicaragua,2007,76.66666667
Nicaragua,2008,70
Nicaragua,2009,72.22222222
Nicaragua,2010,75.55555556
Nicaragua,2011,71.11111111
Nicaragua,2012,68.88888889
Nicaragua,2013,65.55555556
Nicaragua,2014,65.55555556
Nicaragua,2015,70
Nicaragua,2016,70
Nicaragua,2017,68.8889
Niger,2004,64.44444444
Niger,2005,65.55555556
Niger,2006,68.88888889
Niger,2007,68.88888889
Niger,2008,61.11111111
Niger,2009,62.22222222
Niger,2010,67.77777778
Niger,2011,71.11111111
Niger,2012,70
Niger,2013,72.22222222
Niger,2014,67.77777778
Niger,2015,71.11113333
Niger,2016,71.11113333
Niger,2017,72.22223333
Nigeria,2004,44.44444444
Nigeria,2005,50
Nigeria,2006,47.77777778
Nigeria,2007,60
Nigeria,2008,67.77777778
Nigeria,2009,66.66666667
Nigeria,2010,68.88888889
Nigeria,2011,73.33333333
Nigeria,2012,74.44444444
Nigeria,2013,72.22222222
Nigeria,2014,72.22222222
Nigeria,2015,71.1111
Nigeria,2016,67.77776667
Nigeria,2017,63.33333333
North Macedonia,2004,76.66666667
North Macedonia,2005,77.77777778
North Macedonia,2006,74.44444444
North Macedonia,2007,74.44444444
North Macedonia,2008,81.11111111
North Macedonia,2009,75.55555556
North Macedonia,2010,78.88888889
North Macedonia,2011,78.88888889
North Macedonia,2012,80
North Macedonia,2013,80
North Macedonia,2014,84.44444444
North Macedonia,2015,83.33333333
North Macedonia,2016,81.1111
North Macedonia,2017,81.11113333
Pakistan,2004,73.33333333
Pakistan,2005,80
Pakistan,2006,81.11111111
Pakistan,2007,85.55555556
Pakistan,2008,84.44444444
Pakistan,2009,83.33333333
Pakistan,2010,76.66666667
Pakistan,2011,74.44444444
Pakistan,2012,71.11111111
Pakistan,2013,67.77777778
Pakistan,2014,74.44444444
Pakistan,2015,75.55556667
Pakistan,2016,75.55556667
Pakistan,2017,75.55556667
Palau,2005,36.66666667
Palau,2006,37.77777778
Palau,2007,34.44444444
Palau,2008,34.44444444
Palau,2009,34.44444444
Palau,2010,34.44444444
Palau,2011,30
Palau,2012,33.33333333
Palau,2013,33.33333333
Palau,2014,36.66666667
Palau,2015,42.2222
Palau,2016,48.88886667
Palau,2017,45.55553333
Palestine,2009,40
Palestine,2010,42.22222222
Palestine,2011,67.77777778
Palestine,2012,74.44444444
Palestine,2013,83.33333333
Palestine,2014,82.22222222
Palestine,2015,80
Palestine,2016,70
Palestine,2017,80
Panama,2004,75.55555556
Panama,2005,75.55555556
Panama,2006,75.55555556
Panama,2007,76.66666667
Panama,2008,73.33333333
Panama,2009,76.66666667
Panama,2010,78.88888889
Panama,2011,74.44444444
Panama,2012,75.55555556
Panama,2013,75.55555556
Panama,2014,82.22222222
Panama,2015,78.8889
Panama,2016,73.33336667
Panama,2017,68.8889
Papua New Guinea,2004,46.66666667
Papua New Guinea,2005,48.88888889
Papua New Guinea,2006,52.22222222
Papua New Guinea,2007,47.77777778
Papua New Guinea,2008,44.44444444
Papua New Guinea,2009,48.88888889
Papua New Guinea,2010,41.11111111
Papua New Guinea,2011,37.77777778
Papua New Guinea,2012,37.77777778
Papua New Guinea,2013,37.77777778
Papua New Guinea,2014,46.66666667
Papua New Guinea,2015,45.55556667
Papua New Guinea,2016,50
Papua New Guinea,2017,43.33333333
Paraguay,2004,58.88888889
Paraguay,2005,62.22222222
Paraguay,2006,62.22222222
Paraguay,2007,65.55555556
Paraguay,2008,66.66666667
Paraguay,2009,71.11111111
Paraguay,2010,70
Paraguay,2011,70
Paraguay,2012,70
Paraguay,2013,71.11111111
Paraguay,2014,71.11111111
Paraguay,2015,72.22223333
Paraguay,2016,70.00003333
Paraguay,2017,67.77776667
Peru,2004,93.33333333
Peru,2005,84.44444444
Peru,2006,80
Peru,2007,78.88888889
Peru,2008,80
Peru,2009,81.11111111
Peru,2010,81.11111111
Peru,2011,81.11111111
Peru,2012,83.33333333
Peru,2013,88.88888889
Peru,2014,98.88888889
Peru,2015,93.33333333
Peru,2016,93.33333333
Peru,2017,90
Philippines,2004,81.11111111
Philippines,2005,86.66666667
Philippines,2006,83.33333333
Philippines,2007,88.88888889
Philippines,2008,92.22222222
Philippines,2009,92.22222222
Philippines,2010,88.88888889
Philippines,2011,88.88888889
Philippines,2012,83.33333333
Philippines,2013,84.44444444
Philippines,2014,77.77777778
Philippines,2015,82.2222
Philippines,2016,82.2222
Philippines,2017,82.2222
Poland,2004,83.33333333
Poland,2005,86.66666667
Poland,2006,86.66666667
Poland,2007,86.66666667
Poland,2008,86.66666667
Poland,2009,86.66666667
Poland,2010,85.55555556
Poland,2011,82.22222222
Poland,2012,82.22222222
Poland,2013,84.44444444
Poland,2014,78.88888889
Poland,2015,85.55556667
Poland,2016,77.7778
Poland,2017,77.7778
Romania,2004,88.88888889
Romania,2005,93.33333333
Romania,2006,96.66666667
Romania,2007,96.66666667
Romania,2008,96.66666667
Romania,2009,95.55555556
Romania,2010,95.55555556
Romania,2011,95.55555556
Romania,2012,92.22222222
Romania,2013,86.66666667
Romania,2014,87.77777778
Romania,2015,82.22223333
Romania,2016,77.7778
Romania,2017,81.11113333
Russia,2004,75.55555556
Russia,2005,87.77777778
Russia,2006,76.66666667
Russia,2007,83.33333333
Russia,2008,83.33333333
Russia,2009,84.44444444
Russia,2010,87.77777778
Russia,2011,90
Russia,2012,82.22222222
Russia,2013,82.22222222
Russia,2014,84.44444444
Russia,2015,81.11113333
Russia,2016,81.11113333
Russia,2017,83.33333333
Rwanda,2004,61.11111111
Rwanda,2005,63.33333333
Rwanda,2006,64.44444444
Rwanda,2007,66.66666667
Rwanda,2008,66.66666667
Rwanda,2009,74.44444444
Rwanda,2010,67.77777778
Rwanda,2011,67.77777778
Rwanda,2012,76.66666667
Rwanda,2013,73.33333333
Rwanda,2014,78.88888889
Rwanda,2015,73.33336667
Rwanda,2016,70.00003333
Rwanda,2017,77.7778
Saint Kitts and Nevis,2005,54.44444444
Saint Kitts and Nevis,2006,60
Saint Kitts and Nevis,2007,63.33333333
Saint Kitts and Nevis,2008,61.11111111
Saint Kitts and Nevis,2009,61.11111111
Saint Kitts and Nevis,2010,61.11111111
Saint Kitts and Nevis,2011,61.11111111
Saint Kitts and Nevis,2012,54.44444444
Saint Kitts and Nevis,2013,50
Saint Kitts and Nevis,2014,52.22222222
Saint Kitts and Nevis,2015,56.66666667
Saint Kitts and Nevis,2016,53.33333333
Saint Kitts and Nevis,2017,50
Saint Lucia,2005,60
Saint Lucia,2006,60
Saint Lucia,2007,61.11111111
Saint Lucia,2008,57.77777778
Saint Lucia,2009,56.66666667
Saint Lucia,2010,60
Saint Lucia,2011,60
Saint Lucia,2012,63.33333333
Saint Lucia,2013,63.33333333
Saint Lucia,2014,66.66666667
Saint Lucia,2015,61.1111
Saint Lucia,2016,64.44443333
Saint Lucia,2017,57.77776667
Saint Vincent and the Grenadines,2005,60
Saint Vincent and the Grenadines,2006,62.22222222
Saint Vincent and the Grenadines,2007,62.22222222
Saint Vincent and the Grenadines,2008,54.44444444
Saint Vincent and the Grenadines,2009,51.11111111
Saint Vincent and the Grenadines,2010,54.44444444
Saint Vincent and the Grenadines,2011,53.33333333
Saint Vincent and the Grenadines,2012,53.33333333
Saint Vincent and the Grenadines,2013,46.66666667
Saint Vincent and the Grenadines,2014,55.55555556
Saint Vincent and the Grenadines,2015,55.55556667
Saint Vincent and the Grenadines,2016,60
Saint Vincent and the Grenadines,2017,56.66666667
Samoa,2005,55.55555556
Samoa,2006,52.22222222
Samoa,2007,50
Samoa,2008,51.11111111
Samoa,2009,53.33333333
Samoa,2010,48.88888889
Samoa,2011,48.88888889
Samoa,2012,51.11111111
Samoa,2013,53.33333333
Samoa,2014,53.33333333
Samoa,2015,53.33336667
Samoa,2016,54.44446667
Samoa,2017,57.7778
Sao Tome and Principe,2005,51.11111111
Sao Tome and Principe,2006,51.11111111
Sao Tome and Principe,2007,60
Sao Tome and Principe,2008,60
Sao Tome and Principe,2009,65.55555556
Sao Tome and Principe,2010,61.11111111
Sao Tome and Principe,2011,61.11111111
Sao Tome and Principe,2012,63.33333333
Sao Tome and Principe,2013,70
Sao Tome and Principe,2014,68.88888889
Sao Tome and Principe,2015,65.55556667
Sao Tome and Principe,2016,60.00003333
Sao Tome and Principe,2017,70
Senegal,2004,78.88888889
Senegal,2005,76.66666667
Senegal,2006,73.33333333
Senegal,2007,77.77777778
Senegal,2008,72.22222222
Senegal,2009,70
Senegal,2010,73.33333333
Senegal,2011,66.66666667
Senegal,2012,63.33333333
Senegal,2013,71.11111111
Senegal,2014,73.33333333
Senegal,2015,75.55556667
Senegal,2016,75.55556667
Senegal,2017,76.66666667
Serbia,2004,53.33333333
Serbia,2005,62.22
Serbia,2006,64.44333333
Serbia,2007,68.88666667
Serbia,2008,68.88666667
Serbia,2009,75.55333333
Serbia,2010,75.55333333
Serbia,2011,83.33333333
Serbia,2012,83.33333333
Serbia,2013,91.11111111
Serbia,2014,92.33333333
Serbia,2015,90
Serbia,2016,90
Serbia,2017,93.33333333
Seychelles,2005,61.11111111
Seychelles,2006,61.11111111
Seychelles,2007,64.44444444
Seychelles,2008,65.55555556
Seychelles,2009,65.55555556
Seychelles,2010,58.88888889
Seychelles,2011,56.66666667
Seychelles,2012,63.33333333
Seychelles,2013,65.55555556
Seychelles,2014,62.22222222
Seychelles,2015,65.55553333
Seychelles,2016,69.99996667
Seychelles,2017,78.88886667
Sierra Leone,2004,30
Sierra Leone,2005,40
Sierra Leone,2006,43.33333333
Sierra Leone,2007,47.77777778
Sierra Leone,2008,46.66666667
Sierra Leone,2009,52.22222222
Sierra Leone,2010,52.22222222
Sierra Leone,2011,48.88888889
Sierra Leone,2012,54.44444444
Sierra Leone,2013,58.88888889
Sierra Leone,2014,58.88888889
Sierra Leone,2015,63.33336667
Sierra Leone,2016,63.33336667
Sierra Leone,2017,58.8889
Solomon Islands,2005,31.11111111
Solomon Islands,2006,31.11111111
Solomon Islands,2007,31.11111111
Solomon Islands,2008,30
Solomon Islands,2009,33.33333333
Solomon Islands,2010,40
Solomon Islands,2011,42.22222222
Solomon Islands,2012,42.22222222
Solomon Islands,2013,50
Solomon Islands,2014,53.33333333
Solomon Islands,2015,48.88886667
Solomon Islands,2016,48.88886667
Solomon Islands,2017,52.2222
Somalia,2004,22.22222222
Somalia,2005,22.22222222
Somalia,2006,23.33333333
Somalia,2007,26.66666667
Somalia,2008,23.33333333
Somalia,2009,24.44444444
Somalia,2010,26.66666667
Somalia,2011,23.33333333
Somalia,2012,26.66666667
Somalia,2013,24.44444444
Somalia,2014,20
Somalia,2015,20
Somalia,2016,20
Somalia,2017,23.33333333
South Africa,2004,86.66666667
South Africa,2005,86.66666667
South Africa,2006,90
South Africa,2007,91.11111111
South Africa,2008,86.66666667
South Africa,2009,81.11111111
South Africa,2010,82.22222222
South Africa,2011,81.11111111
South Africa,2012,72.22222222
South Africa,2013,76.66666667
South Africa,2014,74.44444444
South Africa,2015,81.1111
South Africa,2016,82.22223333
South Africa,2017,75.55556667
South Asia,2004,65.74074111
South Asia,2005,68.88888889
South Asia,2006,70.37037056
South Asia,2007,71.11111111
South Asia,2008,69.81481444
South Asia,2009,69.07407444
South Asia,2010,70
South Asia,2011,68.51851833
South Asia,2012,67.96296333
South Asia,2013,66.66666667
South Asia,2014,72.40740741
South Asia,2015,71.11112222
South Asia,2016,72.5926
South Asia,2017,74.07408333
South Sudan,2013,26.11111111
South Sudan,2014,29.44444444
South Sudan,2015,34.44446667
South Sudan,2016,37.7778
South Sudan,2017,43.33333333
Sri Lanka,2004,75.55555556
Sri Lanka,2005,76.66666667
Sri Lanka,2006,73.33333333
Sri Lanka,2007,77.77777778
Sri Lanka,2008,74.44444444
Sri Lanka,2009,75.55555556
Sri Lanka,2010,76.66666667
Sri Lanka,2011,76.66666667
Sri Lanka,2012,78.88888889
Sri Lanka,2013,78.88888889
Sri Lanka,2014,78.88888889
Sri Lanka,2015,73.33333333
Sri Lanka,2016,83.33333333
Sri Lanka,2017,83.33333333
Sub-Saharan Africa,2004,55.58201048
Sub-Saharan Africa,2005,56.40211635
Sub-Saharan Africa,2006,56.90476175
Sub-Saharan Africa,2007,57.11640198
Sub-Saharan Africa,2008,56.21693119
Sub-Saharan Africa,2009,57.16931222
Sub-Saharan Africa,2010,58.83597897
Sub-Saharan Africa,2011,59.60317444
Sub-Saharan Africa,2012,59.81481468
Sub-Saharan Africa,2013,59.39276486
Sub-Saharan Africa,2014,58.74677003
Sub-Saharan Africa,2015,60.23256977
Sub-Saharan Africa,2016,60.2584093
Sub-Saharan Africa,2017,60.51680233
Sudan,2004,35.55555556
Sudan,2005,31.11111111
Sudan,2006,33.33333333
Sudan,2007,36.66666667
Sudan,2008,35.55555556
Sudan,2009,42.22222222
Sudan,2010,44.44444444
Sudan,2011,44.44444444
Sudan,2012,43.33333333
Sudan,2013,40
Sudan,2014,43.33333333
Sudan,2015,51.1111
Sudan,2016,63.33336667
Sudan,2017,66.66666667
Suriname,2005,50
Suriname,2006,51.11111111
Suriname,2007,55.55555556
Suriname,2008,55.55555556
Suriname,2009,70
Suriname,2010,71.11111111
Suriname,2011,73.33333333
Suriname,2012,64.44444444
Suriname,2013,63.33333333
Suriname,2014,63.33333333
Suriname,2015,62.22226667
Suriname,2016,65.55556667
Suriname,2017,72.22223333
Syria,2004,57.77777778
Syria,2005,61.11111111
Syria,2006,61.11111111
Syria,2007,56.66666667
Syria,2008,62.22222222
Syria,2009,54.44444444
Syria,2010,56.66666667
Syria,2011,60
Syria,2012,52.22222222
Syria,2013,43.33333333
Syria,2014,44.44444444
Syria,2015,47.77776667
Syria,2016,37.7778
Syria,2017,32.22223333
Tajikistan,2004,72.22222222
Tajikistan,2005,74.44444444
Tajikistan,2006,71.11111111
Tajikistan,2007,72.22222222
Tajikistan,2008,73.33333333
Tajikistan,2009,77.77777778
Tajikistan,2010,74.44444444
Tajikistan,2011,75.55555556
Tajikistan,2012,75.55555556
Tajikistan,2013,75.55555556
Tajikistan,2014,75.55555556
Tajikistan,2015,81.11113333
Tajikistan,2016,81.11113333
Tajikistan,2017,77.7778
Tanzania,2004,67.77777778
Tanzania,2005,63.33333333
Tanzania,2006,61.11111111
Tanzania,2007,61.11111111
Tanzania,2008,65.55555556
Tanzania,2009,63.33333333
Tanzania,2010,67.77777778
Tanzania,2011,72.22222222
Tanzania,2012,72.22222222
Tanzania,2013,72.22222222
Tanzania,2014,72.22222222
Tanzania,2015,75.5556
Tanzania,2016,73.33336667
Tanzania,2017,71.1111
Thailand,2004,82.22222222
Thailand,2005,82.22222222
Thailand,2006,82.22222222
Thailand,2007,81.11111111
Thailand,2008,81.11111111
Thailand,2009,80
Thailand,2010,80
Thailand,2011,83.33333333
Thailand,2012,82.22222222
Thailand,2013,80
Thailand,2014,83.33333333
Thailand,2015,85.55556667
Thailand,2016,85.55556667
Thailand,2017,90
Timor,2005,32.22222222
Timor,2006,32.22222222
Timor,2007,35.55555556
Timor,2008,42.22222222
Timor,2009,45.55555556
Timor,2010,55.55555556
Timor,2011,52.22222222
Timor,2012,46.66666667
Timor,2013,53.33333333
Timor,2014,64.44444444
Timor,2015,62.22223333
Timor,2016,66.66666667
Timor,2017,64.44443333
Togo,2004,52.22222222
Togo,2005,50
Togo,2006,53.33333333
Togo,2007,54.44444444
Togo,2008,47.77777778
Togo,2009,47.77777778
Togo,2010,51.11111111
Togo,2011,54.44444444
Togo,2012,56.66666667
Togo,2013,63.33333333
Togo,2014,64.44444444
Togo,2015,65.55556667
Togo,2016,68.8889
Togo,2017,70
Tonga,2005,53.33333333
Tonga,2006,52.22222222
Tonga,2007,56.66666667
Tonga,2008,57.77777778
Tonga,2009,58.88888889
Tonga,2010,58.88888889
Tonga,2011,58.88888889
Tonga,2012,58.88888889
Tonga,2013,46.66666667
Tonga,2014,50
Tonga,2015,47.77776667
Tonga,2016,52.2222
Tonga,2017,52.2222
Trinidad and Tobago,2004,63.33333333
Trinidad and Tobago,2005,71.11111111
Trinidad and Tobago,2006,73.33333333
Trinidad and Tobago,2007,75.55555556
Trinidad and Tobago,2008,75.55555556
Trinidad and Tobago,2009,67.77777778
Trinidad and Tobago,2010,71.11111111
Trinidad and Tobago,2011,71.11111111
Trinidad and Tobago,2012,67.77777778
Trinidad and Tobago,2013,70
Trinidad and Tobago,2014,62.22222222
Trinidad and Tobago,2015,56.66666667
Trinidad and Tobago,2016,61.1111
Trinidad and Tobago,2017,46.66666667
Tunisia,2004,72.22222222
Tunisia,2005,77.77777778
Tunisia,2006,76.66666667
Tunisia,2007,76.66666667
Tunisia,2008,74.44444444
Tunisia,2009,76.66666667
Tunisia,2010,78.88888889
Tunisia,2011,77.77777778
Tunisia,2012,74.44444444
Tunisia,2013,73.33333333
Tunisia,2014,72.22222222
Tunisia,2015,76.66673333
Tunisia,2016,76.6667
Tunisia,2017,62.22223333
Turkey,2004,82.22222222
Turkey,2005,81.11111111
Turkey,2006,80
Turkey,2007,78.88888889
Turkey,2008,84.44444444
Turkey,2009,86.66666667
Turkey,2010,84.44444444
Turkey,2011,85.55555556
Turkey,2012,84.44444444
Turkey,2013,85.55555556
Turkey,2014,84.44444444
Turkey,2015,82.22223333
Turkey,2016,77.7778
Turkey,2017,85.55556667
Turkmenistan,2004,48.88888889
Turkmenistan,2005,45.55555556
Turkmenistan,2006,46.66666667
Turkmenistan,2007,45.55555556
Turkmenistan,2008,45.55555556
Turkmenistan,2009,45.55555556
Turkmenistan,2010,38.88888889
Turkmenistan,2011,38.88888889
Turkmenistan,2012,44.44444444
Turkmenistan,2013,43.33333333
Turkmenistan,2014,43.33333333
Turkmenistan,2015,33.33333333
Turkmenistan,2016,34.44443333
Turkmenistan,2017,35.55553333
Tuvalu,2013,30
Tuvalu,2014,33.33333333
Tuvalu,2015,37.77776667
Tuvalu,2016,39.99996667
Tuvalu,2017,38.88883333
Uganda,2004,60
Uganda,2005,68.88888889
Uganda,2006,70
Uganda,2007,71.11111111
Uganda,2008,65.55555556
Uganda,2009,62.22222222
Uganda,2010,70
Uganda,2011,70
Uganda,2012,67.77777778
Uganda,2013,73.33333333
Uganda,2014,64.44444444
Uganda,2015,72.22226667
Uganda,2016,68.88893333
Uganda,2017,74.44446667
Ukraine,2004,83.33333333
Ukraine,2005,86.66666667
Ukraine,2006,87.77777778
Ukraine,2007,84.44444444
Ukraine,2008,84.44444444
Ukraine,2009,87.77777778
Ukraine,2010,87.77777778
Ukraine,2011,88.88888889
Ukraine,2012,92.22222222
Ukraine,2013,91.11111111
Ukraine,2014,91.11111111
Ukraine,2015,91.1111
Ukraine,2016,83.33333333
Ukraine,2017,77.7778
Uruguay,2004,82.22222222
Uruguay,2005,85.55555556
Uruguay,2006,90
Uruguay,2007,90
Uruguay,2008,92.22222222
Uruguay,2009,92.22222222
Uruguay,2010,95.55555556
Uruguay,2011,94.44444444
Uruguay,2012,94.44444444
Uruguay,2013,92.22222222
Uruguay,2014,90
Uruguay,2015,88.88886667
Uruguay,2016,88.88886667
Uruguay,2017,85.55553333
Uzbekistan,2004,57.77777778
Uzbekistan,2005,60
Uzbekistan,2006,57.77777778
Uzbekistan,2007,57.77777778
Uzbekistan,2008,61.11111111
Uzbekistan,2009,57.77777778
Uzbekistan,2010,61.11111111
Uzbekistan,2011,61.11111111
Uzbekistan,2012,57.77777778
Uzbekistan,2013,57.77777778
Uzbekistan,2014,54.44444444
Uzbekistan,2015,51.11113333
Uzbekistan,2016,48.88883333
Uzbekistan,2017,51.1111
Vanuatu,2005,44.44444444
Vanuatu,2006,51.11111111
Vanuatu,2007,48.88888889
Vanuatu,2008,58.88888889
Vanuatu,2009,56.66666667
Vanuatu,2010,42.22222222
Vanuatu,2011,53.33333333
Vanuatu,2012,47.77777778
Vanuatu,2013,43.33333333
Vanuatu,2014,43.33333333
Vanuatu,2015,45.55556667
Vanuatu,2016,50
Vanuatu,2017,52.2222
Venezuela,2004,80
Venezuela,2005,82.22222222
Venezuela,2006,82.22222222
Venezuela,2007,86.66666667
Venezuela,2008,90
Venezuela,2009,86.66666667
Venezuela,2010,83.33333333
Venezuela,2011,78.88888889
Venezuela,2012,77.77777778
Venezuela,2013,80
Venezuela,2014,81.11111111
Venezuela,2015,82.22223333
Venezuela,2016,82.22223333
Venezuela,2017,68.8889
Vietnam,2004,71.11111111
Vietnam,2005,71.11111111
Vietnam,2006,72.22222222
Vietnam,2007,71.11111111
Vietnam,2008,72.22222222
Vietnam,2009,65.55555556
Vietnam,2010,64.44444444
Vietnam,2011,71.11111111
Vietnam,2012,71.11111111
Vietnam,2013,74.44444444
Vietnam,2014,76.66666667
Vietnam,2015,82.22223333
Vietnam,2016,82.22223333
Vietnam,2017,83.33333333
Yemen,2004,56.66666667
Yemen,2005,56.66666667
Yemen,2006,62.22222222
Yemen,2007,65.55555556
Yemen,2008,64.44444444
Yemen,2009,55.55555556
Yemen,2010,48.88888889
Yemen,2011,47.77777778
Yemen,2012,46.66666667
Yemen,2013,52.22222222
Yemen,2014,55.55555556
Yemen,2015,55.5556
Yemen,2016,47.77783333
Yemen,2017,44.44446667
Zambia,2004,65.55555556
Zambia,2005,62.22222222
Zambia,2006,55.55555556
Zambia,2007,58.88888889
Zambia,2008,58.88888889
Zambia,2009,58.88888889
Zambia,2010,57.77777778
Zambia,2011,60
Zambia,2012,62.22222222
Zambia,2013,56.66666667
Zambia,2014,60
Zambia,2015,60.00003333
Zambia,2016,53.33336667
Zambia,2017,52.22223333
Zimbabwe,2004,57.77777778
Zimbabwe,2005,61.11111111
Zimbabwe,2006,57.77777778
Zimbabwe,2007,51.11111111
Zimbabwe,2008,42.22222222
Zimbabwe,2009,46.66666667
Zimbabwe,2010,51.11111111
Zimbabwe,2011,54.44444444
Zimbabwe,2012,53.33333333
Zimbabwe,2013,54.44444444
Zimbabwe,2014,57.77777778
Zimbabwe,2015,62.2222
Zimbabwe,2016,55.55553333
Zimbabwe,2017,59.99996667
Angola,2004,No data
Angola,2005,No data
Angola,2006,No data
Angola,2007,No data
Angola,2008,No data
Angola,2009,No data
Angola,2010,No data
Angola,2011,No data
Angola,2012,No data
Angola,2013,No data
Angola,2014,No data
Angola,2015,No data
Angola,2016,No data
Angola,2017,No data
United Arab Emirates ,2004,No data
United Arab Emirates ,2005,No data
United Arab Emirates ,2006,No data
United Arab Emirates ,2007,No data
United Arab Emirates ,2008,No data
United Arab Emirates ,2009,No data
United Arab Emirates ,2010,No data
United Arab Emirates ,2011,No data
United Arab Emirates ,2012,No data
United Arab Emirates ,2013,No data
United Arab Emirates ,2014,No data
United Arab Emirates ,2015,No data
United Arab Emirates ,2016,No data
United Arab Emirates ,2017,No data
Australia,2004,No data
Australia,2005,No data
Australia,2006,No data
Australia,2007,No data
Australia,2008,No data
Australia,2009,No data
Australia,2010,No data
Australia,2011,No data
Australia,2012,No data
Australia,2013,No data
Australia,2014,No data
Australia,2015,No data
Australia,2016,No data
Australia,2017,No data
Austria,2004,No data
Austria,2005,No data
Austria,2006,No data
Austria,2007,No data
Austria,2008,No data
Austria,2009,No data
Austria,2010,No data
Austria,2011,No data
Austria,2012,No data
Austria,2013,No data
Austria,2014,No data
Austria,2015,No data
Austria,2016,No data
Austria,2017,No data
Burundi,2004,No data
Burundi,2005,No data
Burundi,2006,No data
Burundi,2007,No data
Burundi,2008,No data
Burundi,2009,No data
Burundi,2010,No data
Burundi,2011,No data
Burundi,2012,No data
Burundi,2013,No data
Burundi,2014,No data
Burundi,2015,No data
Burundi,2016,No data
Burundi,2017,No data
Belgium,2004,No data
Belgium,2005,No data
Belgium,2006,No data
Belgium,2007,No data
Belgium,2008,No data
Belgium,2009,No data
Belgium,2010,No data
Belgium,2011,No data
Belgium,2012,No data
Belgium,2013,No data
Belgium,2014,No data
Belgium,2015,No data
Belgium,2016,No data
Belgium,2017,No data
The Bahamas,2004,No data
The Bahamas,2005,No data
The Bahamas,2006,No data
The Bahamas,2007,No data
The Bahamas,2008,No data
The Bahamas,2009,No data
The Bahamas,2010,No data
The Bahamas,2011,No data
The Bahamas,2012,No data
The Bahamas,2013,No data
The Bahamas,2014,No data
The Bahamas,2015,No data
The Bahamas,2016,No data
The Bahamas,2017,No data
Bermuda,2004,No data
Bermuda,2005,No data
Bermuda,2006,No data
Bermuda,2007,No data
Bermuda,2008,No data
Bermuda,2009,No data
Bermuda,2010,No data
Bermuda,2011,No data
Bermuda,2012,No data
Bermuda,2013,No data
Bermuda,2014,No data
Bermuda,2015,No data
Bermuda,2016,No data
Bermuda,2017,No data
Bolivia,2004,No data
Bolivia,2005,No data
Bolivia,2006,No data
Bolivia,2007,No data
Bolivia,2008,No data
Bolivia,2009,No data
Bolivia,2010,No data
Bolivia,2011,No data
Bolivia,2012,No data
Bolivia,2013,No data
Bolivia,2014,No data
Bolivia,2015,No data
Bolivia,2016,No data
Bolivia,2017,No data
Brunei,2004,No data
Brunei,2005,No data
Brunei,2006,No data
Brunei,2007,No data
Brunei,2008,No data
Brunei,2009,No data
Brunei,2010,No data
Brunei,2011,No data
Brunei,2012,No data
Brunei,2013,No data
Brunei,2014,No data
Brunei,2015,No data
Brunei,2016,No data
Brunei,2017,No data
Bhutan,2004,No data
Bhutan,2005,No data
Bhutan,2006,No data
Bhutan,2007,No data
Bhutan,2008,No data
Bhutan,2009,No data
Bhutan,2010,No data
Bhutan,2011,No data
Bhutan,2012,No data
Bhutan,2013,No data
Bhutan,2014,No data
Bhutan,2015,No data
Bhutan,2016,No data
Bhutan,2017,No data
Canada,2004,No data
Canada,2005,No data
Canada,2006,No data
Canada,2007,No data
Canada,2008,No data
Canada,2009,No data
Canada,2010,No data
Canada,2011,No data
Canada,2012,No data
Canada,2013,No data
Canada,2014,No data
Canada,2015,No data
Canada,2016,No data
Canada,2017,No data
Cuba,2004,No data
Cuba,2005,No data
Cuba,2006,No data
Cuba,2007,No data
Cuba,2008,No data
Cuba,2009,No data
Cuba,2010,No data
Cuba,2011,No data
Cuba,2012,No data
Cuba,2013,No data
Cuba,2014,No data
Cuba,2015,No data
Cuba,2016,No data
Cuba,2017,No data
Northern Cyprus,2004,No data
Northern Cyprus,2005,No data
Northern Cyprus,2006,No data
Northern Cyprus,2007,No data
Northern Cyprus,2008,No data
Northern Cyprus,2009,No data
Northern Cyprus,2010,No data
Northern Cyprus,2011,No data
Northern Cyprus,2012,No data
Northern Cyprus,2013,No data
Northern Cyprus,2014,No data
Northern Cyprus,2015,No data
Northern Cyprus,2016,No data
Northern Cyprus,2017,No data
Cyprus,2004,No data
Cyprus,2005,No data
Cyprus,2006,No data
Cyprus,2007,No data
Cyprus,2008,No data
Cyprus,2009,No data
Cyprus,2010,No data
Cyprus,2011,No data
Cyprus,2012,No data
Cyprus,2013,No data
Cyprus,2014,No data
Cyprus,2015,No data
Cyprus,2016,No data
Cyprus,2017,No data
Czech Republic,2004,No data
Czech Republic,2005,No data
Czech Republic,2006,No data
Czech Republic,2007,No data
Czech Republic,2008,No data
Czech Republic,2009,No data
Czech Republic,2010,No data
Czech Republic,2011,No data
Czech Republic,2012,No data
Czech Republic,2013,No data
Czech Republic,2014,No data
Czech Republic,2015,No data
Czech Republic,2016,No data
Czech Republic,2017,No data
Germany,2004,No data
Germany,2005,No data
Germany,2006,No data
Germany,2007,No data
Germany,2008,No data
Germany,2009,No data
Germany,2010,No data
Germany,2011,No data
Germany,2012,No data
Germany,2013,No data
Germany,2014,No data
Germany,2015,No data
Germany,2016,No data
Germany,2017,No data
Denmark,2004,No data
Denmark,2005,No data
Denmark,2006,No data
Denmark,2007,No data
Denmark,2008,No data
Denmark,2009,No data
Denmark,2010,No data
Denmark,2011,No data
Denmark,2012,No data
Denmark,2013,No data
Denmark,2014,No data
Denmark,2015,No data
Denmark,2016,No data
Denmark,2017,No data
Spain,2004,No data
Spain,2005,No data
Spain,2006,No data
Spain,2007,No data
Spain,2008,No data
Spain,2009,No data
Spain,2010,No data
Spain,2011,No data
Spain,2012,No data
Spain,2013,No data
Spain,2014,No data
Spain,2015,No data
Spain,2016,No data
Spain,2017,No data
Estonia,2004,No data
Estonia,2005,No data
Estonia,2006,No data
Estonia,2007,No data
Estonia,2008,No data
Estonia,2009,No data
Estonia,2010,No data
Estonia,2011,No data
Estonia,2012,No data
Estonia,2013,No data
Estonia,2014,No data
Estonia,2015,No data
Finland,2004,No data
Finland,2005,No data
Finland,2006,No data
Finland,2007,No data
Finland,2008,No data
Finland,2009,No data
Finland,2010,No data
Finland,2011,No data
Finland,2012,No data
Finland,2013,No data
Finland,2014,No data
Finland,2015,No data
Finland,2016,No data
Finland,2017,No data
Falkland Islands,2004,No data
Falkland Islands,2005,No data
Falkland Islands,2006,No data
Falkland Islands,2007,No data
Falkland Islands,2008,No data
Falkland Islands,2009,No data
Falkland Islands,2010,No data
Falkland Islands,2011,No data
Falkland Islands,2012,No data
Falkland Islands,2013,No data
Falkland Islands,2014,No data
Falkland Islands,2015,No data
Falkland Islands,2016,No data
Falkland Islands,2017,No data
France ,2004,No data
France ,2005,No data
France ,2006,No data
France ,2007,No data
France ,2008,No data
France ,2009,No data
France ,2010,No data
France ,2011,No data
France ,2012,No data
France ,2013,No data
France ,2014,No data
France ,2015,No data
France ,2016,No data
France ,2017,No data
United Kingdom,2004,No data
United Kingdom,2005,No data
United Kingdom,2006,No data
United Kingdom,2007,No data
United Kingdom,2008,No data
United Kingdom,2009,No data
United Kingdom,2010,No data
United Kingdom,2011,No data
United Kingdom,2012,No data
United Kingdom,2013,No data
United Kingdom,2014,No data
United Kingdom,2015,No data
United Kingdom,2016,No data
United Kingdom,2017,No data
Gambia,2004,No data
Gambia,2005,No data
Gambia,2006,No data
Gambia,2007,No data
Gambia,2008,No data
Gambia,2009,No data
Gambia,2010,No data
Gambia,2011,No data
Gambia,2012,No data
Gambia,2013,No data
Gambia,2014,No data
Gambia,2015,No data
Gambia,2016,No data
Gambia,2017,No data
Equatorial Guinea,2004,No data
Equatorial Guinea,2005,No data
Equatorial Guinea,2006,No data
Equatorial Guinea,2007,No data
Equatorial Guinea,2008,No data
Equatorial Guinea,2009,No data
Equatorial Guinea,2010,No data
Equatorial Guinea,2011,No data
Equatorial Guinea,2012,No data
Equatorial Guinea,2013,No data
Equatorial Guinea,2014,No data
Equatorial Guinea,2015,No data
Equatorial Guinea,2016,No data
Equatorial Guinea,2017,No data
Greece,2004,No data
Greece,2005,No data
Greece,2006,No data
Greece,2007,No data
Greece,2008,No data
Greece,2009,No data
Greece,2010,No data
Greece,2011,No data
Greece,2012,No data
Greece,2013,No data
Greece,2014,No data
Greece,2015,No data
Greece,2016,No data
Greece,2017,No data
Greenland,2004,No data
Greenland,2005,No data
Greenland,2006,No data
Greenland,2007,No data
Greenland,2008,No data
Greenland,2009,No data
Greenland,2010,No data
Greenland,2011,No data
Greenland,2012,No data
Greenland,2013,No data
Greenland,2014,No data
Greenland,2015,No data
Greenland,2016,No data
Greenland,2017,No data
Croatia,2004,No data
Croatia,2005,No data
Croatia,2006,No data
Croatia,2007,No data
Croatia,2008,No data
Croatia,2009,No data
Croatia,2010,No data
Croatia,2011,No data
Croatia,2012,No data
Croatia,2013,No data
Croatia,2014,No data
Croatia,2015,No data
Croatia,2016,No data
Croatia,2017,No data
Ireland,2004,No data
Ireland,2005,No data
Ireland,2006,No data
Ireland,2007,No data
Ireland,2008,No data
Ireland,2009,No data
Ireland,2010,No data
Ireland,2011,No data
Ireland,2012,No data
Ireland,2013,No data
Ireland,2014,No data
Ireland,2015,No data
Ireland,2016,No data
Ireland,2017,No data
Iceland,2004,No data
Iceland,2005,No data
Iceland,2006,No data
Iceland,2007,No data
Iceland,2008,No data
Iceland,2009,No data
Iceland,2010,No data
Iceland,2011,No data
Iceland,2012,No data
Iceland,2013,No data
Iceland,2014,No data
Iceland,2015,No data
Iceland,2016,No data
Iceland,2017,No data
Israel,2004,No data
Israel,2005,No data
Israel,2006,No data
Israel,2007,No data
Israel,2008,No data
Israel,2009,No data
Israel,2010,No data
Israel,2011,No data
Israel,2012,No data
Israel,2013,No data
Israel,2014,No data
Israel,2015,No data
Israel,2016,No data
Israel,2017,No data
Italy,2004,No data
Italy,2005,No data
Italy,2006,No data
Italy,2007,No data
Italy,2008,No data
Italy,2009,No data
Italy,2010,No data
Italy,2011,No data
Italy,2012,No data
Italy,2013,No data
Italy,2014,No data
Italy,2015,No data
Italy,2016,No data
Italy,2017,No data
Japan,2004,No data
Japan,2005,No data
Japan,2006,No data
Japan,2007,No data
Japan,2008,No data
Japan,2009,No data
Japan,2010,No data
Japan,2011,No data
Japan,2012,No data
Japan,2013,No data
Japan,2014,No data
Japan,2015,No data
Japan,2016,No data
Japan,2017,No data
South Korea,2004,No data
South Korea,2005,No data
South Korea,2006,No data
South Korea,2007,No data
South Korea,2008,No data
South Korea,2009,No data
South Korea,2010,No data
South Korea,2011,No data
South Korea,2012,No data
South Korea,2013,No data
South Korea,2014,No data
South Korea,2015,No data
South Korea,2016,No data
South Korea,2017,No data
Kosovo,2004,No data
Kosovo,2005,No data
Kosovo,2006,No data
Kosovo,2007,No data
Kosovo,2008,No data
Kosovo,2009,No data
Kosovo,2010,No data
Kosovo,2011,No data
Kosovo,2012,No data
Kuwait,2004,No data
Kuwait,2005,No data
Kuwait,2006,No data
Kuwait,2007,No data
Kuwait,2008,No data
Kuwait,2009,No data
Kuwait,2010,No data
Kuwait,2011,No data
Kuwait,2012,No data
Kuwait,2013,No data
Kuwait,2014,No data
Kuwait,2015,No data
Kuwait,2016,No data
Kuwait,2017,No data
Laos,2004,No data
Laos,2005,No data
Laos,2006,No data
Laos,2007,No data
Laos,2008,No data
Laos,2009,No data
Laos,2010,No data
Laos,2011,No data
Laos,2012,No data
Laos,2013,No data
Laos,2014,No data
Laos,2015,No data
Laos,2016,No data
Laos,2017,No data
Lithuania,2004,No data
Lithuania,2005,No data
Lithuania,2006,No data
Lithuania,2007,No data
Lithuania,2008,No data
Lithuania,2009,No data
Lithuania,2010,No data
Lithuania,2011,No data
Lithuania,2012,No data
Lithuania,2013,No data
Lithuania,2014,No data
Lithuania,2015,No data
Lithuania,2016,No data
Lithuania,2017,No data
Luxembourg,2004,No data
Luxembourg,2005,No data
Luxembourg,2006,No data
Luxembourg,2007,No data
Luxembourg,2008,No data
Luxembourg,2009,No data
Luxembourg,2010,No data
Luxembourg,2011,No data
Luxembourg,2012,No data
Luxembourg,2013,No data
Luxembourg,2014,No data
Luxembourg,2015,No data
Luxembourg,2016,No data
Luxembourg,2017,No data
Latvia,2004,No data
Latvia,2005,No data
Latvia,2006,No data
Latvia,2007,No data
Latvia,2008,No data
Latvia,2009,No data
Latvia,2010,No data
Latvia,2011,No data
Latvia,2012,No data
Latvia,2013,No data
Latvia,2014,No data
Latvia,2015,No data
Latvia,2016,No data
Latvia,2017,No data
Netherlands,2004,No data
Netherlands,2005,No data
Netherlands,2006,No data
Netherlands,2007,No data
Netherlands,2008,No data
Netherlands,2009,No data
Netherlands,2010,No data
Netherlands,2011,No data
Netherlands,2012,No data
Netherlands,2013,No data
Netherlands,2014,No data
Netherlands,2015,No data
Netherlands,2016,No data
Netherlands,2017,No data
Norway,2004,No data
Norway,2005,No data
Norway,2006,No data
Norway,2007,No data
Norway,2008,No data
Norway,2009,No data
Norway,2010,No data
Norway,2011,No data
Norway,2012,No data
Norway,2013,No data
Norway,2014,No data
Norway,2015,No data
Norway,2016,No data
Norway,2017,No data
Nepal,2004,No data
Nepal,2005,No data
Nepal,2006,No data
Nepal,2007,No data
Nepal,2008,No data
Nepal,2009,No data
Nepal,2010,No data
Nepal,2011,No data
Nepal,2012,No data
Nepal,2013,No data
Nepal,2014,No data
Nepal,2015,No data
Nepal,2016,No data
Nepal,2017,No data
New Zealand,2004,No data
New Zealand,2005,No data
New Zealand,2006,No data
New Zealand,2007,No data
New Zealand,2008,No data
New Zealand,2009,No data
New Zealand,2010,No data
New Zealand,2011,No data
New Zealand,2012,No data
New Zealand,2013,No data
New Zealand,2014,No data
New Zealand,2015,No data
New Zealand,2016,No data
New Zealand,2017,No data
Oman,2004,No data
Oman,2005,No data
Oman,2006,No data
Oman,2007,No data
Oman,2008,No data
Oman,2009,No data
Oman,2010,No data
Oman,2011,No data
Oman,2012,No data
Oman,2013,No data
Oman,2014,No data
Oman,2015,No data
Oman,2016,No data
Oman,2017,No data
Portugal,2004,No data
Portugal,2005,No data
Portugal,2006,No data
Portugal,2007,No data
Portugal,2008,No data
Portugal,2009,No data
Portugal,2010,No data
Portugal,2011,No data
Portugal,2012,No data
Portugal,2013,No data
Portugal,2014,No data
Portugal,2015,No data
Portugal,2016,No data
Portugal,2017,No data
Qatar,2004,No data
Qatar,2005,No data
Qatar,2006,No data
Qatar,2007,No data
Qatar,2008,No data
Qatar,2009,No data
Qatar,2010,No data
Qatar,2011,No data
Qatar,2012,No data
Qatar,2013,No data
Qatar,2014,No data
Qatar,2015,No data
Qatar,2016,No data
United States of America,2004,No data
United States of America,2005,No data
United States of America,2006,No data
United States of America,2007,No data
United States of America,2008,No data
United States of America,2009,No data
United States of America,2010,No data
United States of America,2011,No data
United States of America,2012,No data
United States of America,2013,No data
United States of America,2014,No data
United States of America,2015,No data
United States of America,2016,No data
United States of America,2017,No data
Uruguay,2004,No data
Uruguay,2005,No data
Uruguay,2006,No data
Uruguay,2007,No data
Uruguay,2008,No data
Uruguay,2009,No data
Uruguay,2010,No data
Uruguay,2011,No data
Uruguay,2012,No data
Uruguay,2013,No data
Uruguay,2014,No data
Uruguay,2015,No data
Uruguay,2016,No data
Uruguay,2017,No data
Chad,2006,No data
Chad,2007,No data
Chad,2008,No data
Chad,2009,No data
Chad,2010,No data
Chad,2011,No data
Chad,2012,No data
Chad,2013,No data
Chad,2014,No data
Chad,2015,No data
Chad,2016,No data
Chad,2017,No data
